nom,popularite,pays
Martin,9994474,fr
Bernard,5493268,fr
Petit,5016903,fr
Thomas,4819466,fr
Moreau,4608462,fr
Dubois,4463374,fr
Richard,4240660,fr
Robert,4165790,fr
Durand,4096179,fr
Michel,4076158,fr
Simon,3976753,fr
Laurent,3756493,fr
Roux,3310843,fr
Lambert,3168613,fr
Leroy,3149937,fr
Bertrand,3105170,fr
Girard,3033326,fr
David,3023906,fr
Lefebvre,3010302,fr
Morel,2910568,fr
Fournier,2900572,fr
Bonnet,2829010,fr
Rousseau,2821342,fr
Vincent,2659283,fr
Henry,2638406,fr
Guerin,2597734,fr
Mercier,2583509,fr
Dupont,2582894,fr
Garnier,2553231,fr
Blanc,2536505,fr
André,2520083,fr
Lefevre,2477235,fr
Mathieu,2455816,fr
Robin,2401358,fr
Nicolas,2351194,fr
Francois,2343253,fr
Marchand,2298669,fr
Clément,2295946,fr
Perrin,2292585,fr
Chevalier,2263695,fr
Masson,2256855,fr
Morin,2230123,fr
Legrand,2206241,fr
Faure,2169440,fr
Roussel,2155846,fr
Gautier,2155622,fr
Gérard,2114556,fr
Giraud,2070394,fr
Fontaine,2028097,fr
Barbier,2000993,fr
Roy,1994988,fr
Duval,1988265,fr
Noel,1980207,fr
Denis,1963123,fr
Brunet,1906967,fr
Aubert,1899409,fr
Dumont,1882513,fr
Colin,1875281,fr
Boyer,1850328,fr
Fabre,1848920,fr
Blanchard,1847824,fr
Gaillard,1793954,fr
Joly,1791579,fr
Renard,1786454,fr
Dufour,1778127,fr
Lemaire,1774080,fr
Marie,1773137,fr
Brun,1771875,fr
Gauthier,1765899,fr
Picard,1706815,fr
Roger,1705817,fr
Bourgeois,1698088,fr
Arnaud,1695592,fr
Meunier,1635425,fr
Leclerc,1602207,fr
Lucas,1581701,fr
Boucher,1548568,fr
Guillaume,1534216,fr
Olivier,1533969,fr
Caron,1524215,fr
Bailly,1523283,fr
Leroux,1501607,fr
Pierre,1492323,fr
Charpentier,1492234,fr
Vidal,1479469,fr
Dumas,1469038,fr
Roche,1463713,fr
Philippe,1454054,fr
Deschamps,1441415,fr
Aubry,1435917,fr
Renaud,1434449,fr
Adam,1427976,fr
Lemoine,1425068,fr
Muller,1420017,fr
Rolland,1406796,fr
Berger,1378674,fr
Benoit,1376938,fr
Dupuis,1367914,fr
Prévost,1361315,fr
Hubert,1352935,fr
Lacroix,1348986,fr
Marchal,1348678,fr
Jacquet,1346013,fr
Riviere,1338448,fr
Fleury,1330017,fr
Guillot,1326486,fr
Meyer,1317147,fr
Langlois,1316702,fr
Huet,1306011,fr
Moulin,1295266,fr
Lecomte,1289485,fr
Jean,1282565,fr
Gillet,1279833,fr
Pelletier,1248884,fr
Louis,1232586,fr
Paris,1228355,fr
Royer,1227066,fr
Rey,1216910,fr
Carré,1215971,fr
Guyot,1211633,fr
Millet,1205494,fr
Carpentier,1203079,fr
Breton,1200076,fr
Collin,1190456,fr
Maillard,1165789,fr
Remy,1141673,fr
Leclercq,1139441,fr
Perrot,1131745,fr
Collet,1121174,fr
Humbert,1110225,fr
Renault,1105012,fr
Baron,1101862,fr
Julien,1095134,fr
Le Roux,1088362,fr
Jacob,1079048,fr
Besson,1078589,fr
Poirier,1072799,fr
Dupuy,1067597,fr
Antoine,1054132,fr
Germain,1053101,fr
Charles,1050210,fr
Leger,1022902,fr
Guichard,1021887,fr
Cordier,1015172,fr
Cousin,1009486,fr
Mallet,1008924,fr
Michaud,989944,fr
Le Gall,985365,fr
Marty,983945,fr
Lamy,982307,fr
Lebrun,979866,fr
Daniel,973461,fr
Marechal,972907,fr
Hervé,972581,fr
Monnier,969324,fr
Boulanger,968962,fr
Barre,965004,fr
Vasseur,961696,fr
Chauvin,958989,fr
Camus,955365,fr
