code2,code3,code_num,pays,drapeau-unicode,forme_longue
af,AFG,004,Afghanistan,ğŸ‡¦ğŸ‡«,
za,ZAF,710,Afrique du Sud,ğŸ‡¿ğŸ‡¦,
al,ALB,008,Albanie,ğŸ‡¦ğŸ‡±,
dz,DZA,012,AlgÃ©rie,ğŸ‡©ğŸ‡¿,RÃ©publique algÃ©rienne dÃ©mocratique et populaire
de,DEU,276,Allemagne,ğŸ‡©ğŸ‡ª,
ad,AND,020,Andorre,ğŸ‡¦ğŸ‡©,
ao,AGO,024,Angola,ğŸ‡¦ğŸ‡´,
ag,ATG,028,Antigua-et-Barbuda,ğŸ‡¦ğŸ‡¬,
sa,SAU,682,Arabie saoudite,ğŸ‡¸ğŸ‡¦,
ar,ARG,032,Argentine,ğŸ‡¦ğŸ‡·,
am,ARM,051,ArmÃ©nie,ğŸ‡¦ğŸ‡²,
au,AUS,036,Australie,ğŸ‡¦ğŸ‡º,
at,AUT,040,Autriche,ğŸ‡¦ğŸ‡¹,
az,AZE,031,AzerbaÃ¯djan,ğŸ‡¦ğŸ‡¿,
bs,BHS,044,Bahamas,ğŸ‡§ğŸ‡¸,
bh,BHR,048,BahreÃ¯n,ğŸ‡§ğŸ‡­,
bd,BGD,050,Bangladesh,ğŸ‡§ğŸ‡©,
bb,BRB,052,Barbade,ğŸ‡§ğŸ‡§,
be,BEL,056,Belgique,ğŸ‡§ğŸ‡ª,
bz,BLZ,084,BÃ©lize,ğŸ‡§ğŸ‡¿,
bj,BEN,204,BÃ©nin,ğŸ‡§ğŸ‡¯,
bt,BTN,064,Bhoutan,ğŸ‡§ğŸ‡¹,
by,BLR,112,BiÃ©lorussie,ğŸ‡§ğŸ‡¾,
mm,MMR,104,Myanmar,ğŸ‡²ğŸ‡²,
bo,BOL,068,Bolivie,ğŸ‡§ğŸ‡´,Ã‰tat plurinational de Bolivie
ba,BIH,070,Bosnie-HerzÃ©govine,ğŸ‡§ğŸ‡¦,
bw,BWA,072,Botswana,ğŸ‡§ğŸ‡¼,
br,BRA,076,BrÃ©sil,ğŸ‡§ğŸ‡·,
bn,BRN,096,Brunei,ğŸ‡§ğŸ‡³,
bg,BGR,100,Bulgarie,ğŸ‡§ğŸ‡¬,
bf,BFA,854,Burkina,ğŸ‡§ğŸ‡«,
bi,BDI,108,Burundi,ğŸ‡§ğŸ‡®,
kh,KHM,116,Cambodge,ğŸ‡°ğŸ‡­,
cm,CMR,120,Cameroun,ğŸ‡¨ğŸ‡²,
ca,CAN,124,Canada,ğŸ‡¨ğŸ‡¦,
cv,CPV,132,Cap-Vert,ğŸ‡¨ğŸ‡»,
cf,CAF,140,Centrafrique,ğŸ‡¨ğŸ‡«,RÃ©publique centrafricaine
cl,CHL,152,Chili,ğŸ‡¨ğŸ‡±,
cn,CHN,156,Chine,ğŸ‡¨ğŸ‡³,
cy,CYP,196,Chypre,ğŸ‡¨ğŸ‡¾,
co,COL,170,Colombie,ğŸ‡¨ğŸ‡´,
km,COM,174,Comores,ğŸ‡°ğŸ‡²,
cg,COG,178,Congo,ğŸ‡¨ğŸ‡¬,
cd,COD,180,"Congo, RÃ©publique dÃ©mocratique du",ğŸ‡¨ğŸ‡©,
kp,PRK,408,CorÃ©e du Nord,ğŸ‡°ğŸ‡µ,RÃ©publique populaire dÃ©mocratique de CorÃ©e
kr,KOR,410,CorÃ©e du Sud,ğŸ‡°ğŸ‡·,RÃ©publique de CorÃ©e
cr,CRI,188,Costa Rica,ğŸ‡¨ğŸ‡·,
ci,CIV,384,CÃ´te d'Ivoire,ğŸ‡¨ğŸ‡®,
hr,HRV,191,Croatie,ğŸ‡­ğŸ‡·,
cu,CUB,192,Cuba,ğŸ‡¨ğŸ‡º,
dk,DNK,208,Danemark,ğŸ‡©ğŸ‡°,
dj,DJI,262,Djibouti,ğŸ‡©ğŸ‡¯,
dm,DMA,212,Dominique,ğŸ‡©ğŸ‡²,
eg,EGY,818,Ã‰gypte,ğŸ‡ªğŸ‡¬,
ae,ARE,784,Ã‰mirats arabes unis,ğŸ‡¦ğŸ‡ª,
ec,ECU,218,Ã‰quateur,ğŸ‡ªğŸ‡¨,
er,ERI,232,Ã‰rythrÃ©e,ğŸ‡ªğŸ‡·,
es,ESP,724,Espagne,ğŸ‡ªğŸ‡¸,
ee,EST,233,Estonie,ğŸ‡ªğŸ‡ª,
us,USA,840,Ã‰tats-Unis,ğŸ‡ºğŸ‡¸,Ã‰tats-Unis dâ€™AmÃ©rique 
et,ETH,231,Ã‰thiopie,ğŸ‡ªğŸ‡¹,
fj,FJI,242,Fidji,ğŸ‡«ğŸ‡¯,
fi,FIN,246,Finlande,ğŸ‡«ğŸ‡®,
fr,FRA,250,France,ğŸ‡«ğŸ‡·,
ga,GAB,266,Gabon,ğŸ‡¬ğŸ‡¦,
gm,GMB,270,Gambie,ğŸ‡¬ğŸ‡²,
ge,GEO,268,GÃ©orgie,ğŸ‡¬ğŸ‡ª,
gh,GHA,288,Ghana,ğŸ‡¬ğŸ‡­,
gr,GRC,300,GrÃ¨ce,ğŸ‡¬ğŸ‡·,
gd,GRD,308,Grenade,ğŸ‡¬ğŸ‡©,
gt,GTM,320,GuatÃ©mala,ğŸ‡¬ğŸ‡¹,
gn,GIN,324,GuinÃ©e,ğŸ‡¬ğŸ‡³,
gq,GNQ,226,GuinÃ©e Ã©quatoriale,ğŸ‡¬ğŸ‡¶,
gw,GNB,624,GuinÃ©e-Bissau,ğŸ‡¬ğŸ‡¼,
gy,GUY,328,Guyana,ğŸ‡¬ğŸ‡¾,
ht,HTI,332,HaÃ¯ti,ğŸ‡­ğŸ‡¹,
hn,HND,340,Honduras,ğŸ‡­ğŸ‡³,
hu,HUN,348,Hongrie,ğŸ‡­ğŸ‡º,
ck,COK,184,Ãles Cook,ğŸ‡¨ğŸ‡°,
in,IND,356,Inde,ğŸ‡®ğŸ‡³,
id,IDN,360,IndonÃ©sie,ğŸ‡®ğŸ‡©,
iq,IRQ,368,Irak,ğŸ‡®ğŸ‡¶,
ir,IRN,364,Iran,ğŸ‡®ğŸ‡·,RÃ©publique islamique dâ€™Iran 
ie,IRL,372,Irlande,ğŸ‡®ğŸ‡ª,
is,ISL,352,Islande,ğŸ‡®ğŸ‡¸,
il,ISR,376,IsraÃ«l,ğŸ‡®ğŸ‡±,
it,ITA,380,Italie,ğŸ‡®ğŸ‡¹,
jm,JAM,388,JamaÃ¯que,ğŸ‡¯ğŸ‡²,
jp,JPN,392,Japon,ğŸ‡¯ğŸ‡µ,
jo,JOR,400,Jordanie,ğŸ‡¯ğŸ‡´,
kz,KAZ,398,Kazakhstan,ğŸ‡°ğŸ‡¿,
ke,KEN,404,Kenya,ğŸ‡°ğŸ‡ª,
kg,KGZ,417,Kirghizstan,ğŸ‡°ğŸ‡¬,
ki,KIR,296,Kiribati,ğŸ‡°ğŸ‡®,
kw,KWT,414,KoweÃ¯t,ğŸ‡°ğŸ‡¼,
la,LAO,418,Laos,ğŸ‡±ğŸ‡¦,RÃ©publique dÃ©mocratique populaire lao
ls,LSO,426,Lesotho,ğŸ‡±ğŸ‡¸,
lv,LVA,428,Lettonie,ğŸ‡±ğŸ‡»,
lb,LBN,422,Liban,ğŸ‡±ğŸ‡§,
lr,LBR,430,LibÃ©ria,ğŸ‡±ğŸ‡·,
ly,LBY,434,Libye,ğŸ‡±ğŸ‡¾,
li,LIE,438,Liechtenstein,ğŸ‡±ğŸ‡®,
lt,LTU,440,Lituanie,ğŸ‡±ğŸ‡¹,
lu,LUX,442,Luxembourg,ğŸ‡±ğŸ‡º,
mk,MKD,807,"MacÃ©doine, ancienne rÃ©publique yougoslave de ",ğŸ‡²ğŸ‡°,
mg,MDG,450,Madagascar,ğŸ‡²ğŸ‡¬,
my,MYS,458,Malaisie,ğŸ‡²ğŸ‡¾,
mw,MWI,454,Malawi,ğŸ‡²ğŸ‡¼,
mv,MDV,462,Maldives,ğŸ‡²ğŸ‡»,
ml,MLI,466,Mali,ğŸ‡²ğŸ‡±,
mt,MLT,470,Malte,ğŸ‡²ğŸ‡¹,
ma,MAR,504,Maroc,ğŸ‡²ğŸ‡¦,
mh,MHL,584,Marshall,ğŸ‡²ğŸ‡­,
mu,MUS,480,Maurice,ğŸ‡²ğŸ‡º,
mr,MRT,478,Mauritanie,ğŸ‡²ğŸ‡·,
mx,MEX,484,Mexique,ğŸ‡²ğŸ‡½,
fm,FSM,583,MicronÃ©sie,ğŸ‡«ğŸ‡²,Ã‰tats fÃ©dÃ©rÃ©s de MicronÃ©sie
md,MDA,498,Moldavie,ğŸ‡²ğŸ‡©,RÃ©publique de Moldova
mc,MCO,492,Monaco,ğŸ‡²ğŸ‡¨,
mn,MNG,496,Mongolie,ğŸ‡²ğŸ‡³,
me,MNE,499,MontÃ©nÃ©gro,ğŸ‡²ğŸ‡ª,
mz,MOZ,508,Mozambique,ğŸ‡²ğŸ‡¿,
na,NAM,516,Namibie,ğŸ‡³ğŸ‡¦,
nr,NRU,520,Nauru,ğŸ‡³ğŸ‡·,
np,NPL,524,NÃ©pal,ğŸ‡³ğŸ‡µ,
ni,NIC,558,Nicaragua,ğŸ‡³ğŸ‡®,
ne,NER,562,Niger,ğŸ‡³ğŸ‡ª,
ng,NGA,566,NigÃ©ria,ğŸ‡³ğŸ‡¬,
nu,NIU,570,Niue,ğŸ‡³ğŸ‡º,
no,NOR,578,NorvÃ¨ge,ğŸ‡³ğŸ‡´,
nz,NZL,554,Nouvelle-ZÃ©lande,ğŸ‡³ğŸ‡¿,
om,OMN,512,Oman,ğŸ‡´ğŸ‡²,
ug,UGA,800,Ouganda,ğŸ‡ºğŸ‡¬,
uz,UZB,860,OuzbÃ©kistan,ğŸ‡ºğŸ‡¿,
pk,PAK,586,Pakistan,ğŸ‡µğŸ‡°,
pw,PLW,585,Palaos,ğŸ‡µğŸ‡¼,
ps,PSE,275,Palestine,ğŸ‡µğŸ‡¸,
pa,PAN,591,Panama,ğŸ‡µğŸ‡¦,
pg,PNG,598,Papouasie-Nouvelle-GuinÃ©e,ğŸ‡µğŸ‡¬,
py,PRY,600,Paraguay,ğŸ‡µğŸ‡¾,
nl,NLD,528,Pays-Bas,ğŸ‡³ğŸ‡±,Royaume des Pays-Bas
pe,PER,604,PÃ©rou,ğŸ‡µğŸ‡ª,
ph,PHL,608,Philippines,ğŸ‡µğŸ‡­,
pl,POL,616,Pologne,ğŸ‡µğŸ‡±,
pt,PRT,620,Portugal,ğŸ‡µğŸ‡¹,
qa,QAT,634,Qatar,ğŸ‡¶ğŸ‡¦,
do,DOM,214,RÃ©publique dominicaine,ğŸ‡©ğŸ‡´,
ro,ROU,642,Roumanie,ğŸ‡·ğŸ‡´,
gb,GBR,826,Royaume-Uni,ğŸ‡¬ğŸ‡§,Royaume-Uni de Grande-Bretagne et dâ€™Irlande du Nord
ru,RUS,643,Russie,ğŸ‡·ğŸ‡º,FÃ©dÃ©ration de Russie
rw,RWA,646,Rwanda,ğŸ‡·ğŸ‡¼,
kn,KNA,659,Saint-Christophe-et-NiÃ©vÃ¨s,ğŸ‡°ğŸ‡³,
lc,LCA,662,Sainte-Lucie,ğŸ‡±ğŸ‡¨,
sm,SMR,674,Saint-Marin,ğŸ‡¸ğŸ‡²,
vc,VCT,670,Saint-Vincent-et-les-Grenadines,ğŸ‡»ğŸ‡¨,
sb,SLB,090,Salomon,ğŸ‡¸ğŸ‡§,
sv,SLV,222,Salvador,ğŸ‡¸ğŸ‡»,
ws,WSM,882,Samoa,ğŸ‡¼ğŸ‡¸,
st,STP,678,Sao TomÃ©-et-Principe,ğŸ‡¸ğŸ‡¹,
sn,SEN,686,SÃ©nÃ©gal,ğŸ‡¸ğŸ‡³,
rs,SRB,688,Serbie,ğŸ‡·ğŸ‡¸,
sc,SYC,690,Seychelles,ğŸ‡¸ğŸ‡¨,
sl,SLE,694,Sierra Leone,ğŸ‡¸ğŸ‡±,
sg,SGP,702,Singapour,ğŸ‡¸ğŸ‡¬,
sk,SVK,703,Slovaquie,ğŸ‡¸ğŸ‡°,
si,SVN,705,SlovÃ©nie,ğŸ‡¸ğŸ‡®,
so,SOM,706,Somalie,ğŸ‡¸ğŸ‡´,
sd,SDN,729,Soudan,ğŸ‡¸ğŸ‡©,
ss,SSD,728,Soudan du Sud,ğŸ‡¸ğŸ‡¸,
lk,LKA,144,Sri Lanka,ğŸ‡±ğŸ‡°,
se,SWE,752,SuÃ¨de,ğŸ‡¸ğŸ‡ª,
ch,CHE,756,Suisse,ğŸ‡¨ğŸ‡­,
sr,SUR,740,Suriname,ğŸ‡¸ğŸ‡·,
sz,SWZ,748,Swaziland,ğŸ‡¸ğŸ‡¿,
sy,SYR,760,Syrie,ğŸ‡¸ğŸ‡¾,RÃ©publique arabe syrienne 
tj,TJK,762,Tadjikistan,ğŸ‡¹ğŸ‡¯,
tz,TZA,834,Tanzanie,ğŸ‡¹ğŸ‡¿,RÃ©publique-Unie de Tanzanie
td,TCD,148,Tchad,ğŸ‡¹ğŸ‡©,
cz,CZE,203,TchÃ©quie,ğŸ‡¨ğŸ‡¿,
th,THA,764,ThaÃ¯lande,ğŸ‡¹ğŸ‡­,
tl,TLS,626,Timor oriental,ğŸ‡¹ğŸ‡±,
tg,TGO,768,Togo,ğŸ‡¹ğŸ‡¬,
to,TON,776,Tonga,ğŸ‡¹ğŸ‡´,
tt,TTO,780,TrinitÃ©-et-Tobago,ğŸ‡¹ğŸ‡¹,
tn,TUN,788,Tunisie,ğŸ‡¹ğŸ‡³,
tm,TKM,795,TurkmÃ©nistan,ğŸ‡¹ğŸ‡²,
tr,TUR,792,Turquie,ğŸ‡¹ğŸ‡·,
tv,TUV,798,Tuvalu,ğŸ‡¹ğŸ‡»,
ua,UKR,804,Ukraine,ğŸ‡ºğŸ‡¦,
uy,URY,858,Uruguay,ğŸ‡ºğŸ‡¾,
vu,VUT,548,Vanuatu,ğŸ‡»ğŸ‡º,
va,VAT,336,Vatican,ğŸ‡»ğŸ‡¦,
ve,VEN,862,VÃ©nÃ©zuÃ©la,ğŸ‡»ğŸ‡ª,RÃ©publique bolivarienne du Venezuela
vn,VNM,704,Vietnam,ğŸ‡»ğŸ‡³,
ye,YEM,887,YÃ©men,ğŸ‡¾ğŸ‡ª,
zm,ZMB,894,Zambie,ğŸ‡¿ğŸ‡²,
zw,ZWE,716,Zimbabwe,ğŸ‡¿ğŸ‡¼,
tw,TWN,158,TaÃ¯wan,ğŸ‡¹ğŸ‡¼,
gl,GRL,304,Groenland,ğŸ‡¬ğŸ‡±,
pr,PRI,630,Porto Rico,ğŸ‡µğŸ‡·,
hk,HKG,344,Hong Kong,ğŸ‡­ğŸ‡°,
bl,BLM,652,Saint-BarthÃ©lemy,ğŸ‡§ğŸ‡±,CollectivitÃ© d'outre-mer de Saint-BarthÃ©lemy
yt,MYT,175,Mayotte,ğŸ‡¾ğŸ‡¹,DÃ©partement et rÃ©gion dâ€™outre-mer de Mayotte
mq,MQT,474,Martinique,ğŸ‡²ğŸ‡¶,CollectivitÃ© territoriale unique de Martinique
gp,GLP,312,Guadeloupe,ğŸ‡¬ğŸ‡µ,DÃ©partement et rÃ©gion d'outre-mer de Guadeloupe
re,REU,638,La RÃ©union,ğŸ‡·ğŸ‡ª,CollectivitÃ© dÃ©partementale d'outre-mer de La RÃ©union
pm,SPM,021,Saint-Pierre-et-Miquelon,ğŸ‡µğŸ‡²,collectivitÃ© d'outre-mer de Saint-Pierre-et-Miquelon
gf,guf,254,Guyane,ğŸ‡¬ğŸ‡«,CollectivitÃ© territoriale unique de Guyane
nc,ncl,540,Nouvelle-CalÃ©donie,ğŸ‡³ğŸ‡¨,CollectivitÃ© dâ€™outre-mer de Nouvelle-CalÃ©donie
wf,wlf,876,Wallis-et-Futuna,ğŸ‡¼ğŸ‡«,CollectivitÃ© d'outre-mer Wallis et Futuna
pf,pyf,258,PolynÃ©sie franÃ§aise,ğŸ‡µğŸ‡«,
tf,atf,260,Terres australes franÃ§aises,ğŸ‡¹ğŸ‡«,
mf,maf,663,Saint-Martin,ğŸ‡²ğŸ‡«,CollectivitÃ© d'outre-mer de Saint-Martin
