adresse_id,voie,ville,region,codepostal,pays_code
1,57 Glacier Hill Avenue,Torbat-e Jām,,,ir
2,86 Dottie Junction,Beaumont,,,ca
3,292 Ramsey Avenue,Cayambe,,,ec
4,5618 Thackeray Junction,Caldas,,,co
5,4 2nd Park,Ngunguru,,,nz
6,387 Nancy Junction,Burirao,,,ph
7,501 Atwood Point,Nirji,,,cn
8,42 North Pass,Tijão,,,pt
9,83 Graceland Pass,Castelo de Vide,,,pt
10,93 Clyde Gallagher Road,Shangde,,,cn
11,604 Merrick Circle,Taluksangay,,,ph
12,92233 Sundown Court,Montbéliard,,,fr
13,238 Corscot Alley,Trstenik,,,rs
14,10441 Macpherson Point,Trairi,,,br
15,1 Stuart Avenue,Xiangshi,,,cn
16,29 Spaight Plaza,Belle-Anse,,,ht
17,252 Main Plaza,Moshenskoye,,,ru
18,119 Morning Park,Esparza,,,cr
19,5915 Dryden Alley,Quebradas,,,hn
20,16676 Shelley Street,Mucuri,,,br
21,3 Warner Parkway,Holoubkov,,,cz
22,66669 Surrey Trail,Chingas,,,ph
23,2 Drewry Point,Miragoâne,,,ht
24,45 Haas Point,Timashëvsk,,,ru
25,5 Westerfield Parkway,Liwu,,,cn
26,9 Paget Plaza,Oliveirinha,,,pt
27,84 Troy Court,Turze Pole,,,pl
28,8 Longview Avenue,Kliteh,,,id
29,55 Dorton Pass,Huangqiao,,,cn
30,4 Clemons Trail,Aricapampa,,,ph
31,33981 Milwaukee Way,Mesquite,,,us
32,43758 Dahle Drive,Paipa,,,co
33,18795 Independence Junction,Barrī ash Sharqī,,,Syria
34,4 Charing Cross Pass,Rennes,,,fr
35,4776 Reinke Park,Baih,,,id
36,43995 Dayton Park,Geoktschai,,,az
37,50 Mayfield Parkway,Dhanot,,,pk
38,496 Jay Park,Guodu,,,cn
39,7 Bellgrove Hill,Sumberejo,,,id
40,1 Red Cloud Terrace,Želešice,,,cz
41,43 Amoth Lane,Campo de la Cruz,,,co
42,9 Green Ridge Point,Arendal,,,no
43,78 Bultman Hill,Killorglin,,,ie
44,987 Heath Place,Tshikapa,,,cd
45,8359 Declaration Terrace,Partille,,,sw
46,6412 Kennedy Lane,Bongandanga,,,cd
47,4183 Corscot Lane,Creighton,,,za
48,147 Esch Junction,Xingnong,,,cn
49,43 Nova Junction,Sambirata,,,id
50,8315 Killdeer Avenue,Wujing,,,cn
51,5 Logan Park,Badong,,,id
52,498 Merrick Trail,Dallas,,,us
53,49425 Ryan Terrace,Belozërsk,,,ru
54,51 Boyd Pass,Doāba,,,pk
55,5 Lakewood Point,San Silvestre,,,ve
56,20 Kensington Street,Manghit,,,uz
57,58 Melody Drive,Sidokumpul,,,id
58,9 Talisman Pass,Rendian,,,cn
59,9441 Maple Road,Старо Нагоричане,,,md
60,56 5th Point,Teeli,,,ru
61,3 Hallows Way,Olonets,,,ru
62,8 Hudson Place,Zator,,,pl
63,7 Canary Trail,Bamban,,,ph
64,871 Pearson Terrace,Cornwall,,,ca
65,66 Mayer Crossing,Wińsko,,,pl
66,8 Shelley Avenue,Ōi,,,jp
67,8960 Lawn Parkway,Bojongsari,,,id
68,5945 Laurel Road,Tojeira,,,pt
69,581 Oak Valley Parkway,Hengelo,,,nl
70,4538 Sullivan Park,Bromma,,,sw
71,5381 Esker Center,Roissy Charles-de-Gaulle,,,fr
72,948 Summer Ridge Center,Puerto Rico,,,ph
73,3028 Karstens Trail,Gościeradów,,,pl
74,413 Manufacturers Center,Banfora,,,bf
75,82 John Wall Crossing,Cilaja,,,id
76,101 Barby Avenue,Ban Phaeo,,,th
77,41492 Bartillon Circle,Klau,,,id
78,1 Harper Parkway,Murree,,,pk
79,70 Donald Junction,Huité,,,gt
80,17356 Corben Avenue,Patulul,,,gt
81,45 5th Junction,Jalaud,,,ph
82,2824 Green Drive,Meikeng,,,cn
83,4652 Elmside Court,Lorut,,,am
84,39 Holy Cross Way,Jati,,,id
85,217 5th Street,Panjiang,,,cn
86,1241 Eastlawn Point,Xuedian,,,cn
87,41 Graedel Trail,San Francisco,,,mx
88,6 Caliangt Avenue,Oehala,,,id
89,5 La Follette Plaza,Périgueux,,,fr
90,3 Prairieview Parkway,Mintian,,,cn
91,6486 Marquette Court,Pantenan,,,id
92,6646 Walton Court,Stockholm,,,sw
93,69 Hayes Center,Bakung,,,ph
94,37365 Raven Lane,Tocota,,,ph
95,49685 Melody Hill,Chaplygin,,,ru
96,5434 Everett Hill,Hebu,,,cn
97,1511 Glacier Hill Lane,Bauchi,,,ng
98,42 Westport Junction,Nowogard,,,pl
99,53851 Meadow Valley Drive,Zvezdara,,,rs
100,7 Goodland Terrace,Cunliji,,,cn
101,63 Cambridge Junction,Jaraguá do Sul,,,br
102,62 Comanche Alley,Weixin,,,cn
103,0 Artisan Way,Lysice,,,cz
104,764 Browning Alley,Cirangrang,,,id
105,1 Oak Valley Way,Malie,,,ws
106,97 Aberg Hill,Kouzhen,,,cn
107,66 Debra Point,Longfeng,,,cn
108,1 Warrior Place,Tangkilsari,,,id
109,43782 Delaware Center,Naivasha,,,ke
110,248 Trailsway Place,Guangshan,,,cn
111,8 Bartelt Court,Lazaro Cardenas,,,mx
112,7408 Mayfield Lane,Tarkwa,,,gh
113,9 Aberg Terrace,Bajia,,,cn
114,820 Welch Street,San Rafael Abajo,,,cr
115,93850 Rusk Alley,Suresnes,,,fr
116,1458 Bartelt Drive,Ngulangan,,,id
117,2727 Rieder Way,Bhalil,,,ma
118,3 Dottie Trail,Masape,,,id
119,33772 Eagle Crest Road,Tianzhuang,,,cn
120,8 Ludington Trail,Lewoduli,,,id
121,703 Del Mar Trail,Shangping,,,cn
122,5826 Hallows Crossing,Donskoye,,,ru
123,68 Cottonwood Crossing,Baoli,,,cn
124,8 Golf View Junction,Shaydon,,,tj
125,3700 Golf Drive,Sukaraharja,,,id
126,7819 Nancy Terrace,Águia Branca,,,br
127,5210 Debs Pass,Luzino,,,pl
128,2 Sachtjen Place,Āsmār,,,af
129,9204 Hallows Drive,Kaélé,,,cm
130,434 Longview Alley,Panikian,,,ph
131,75811 Maywood Pass,Komsomol’sk,,,ru
132,59050 Dorton Parkway,Panbang,,,bt
133,3 Colorado Lane,Middelburg,,,za
134,5 Stone Corner Avenue,Krasnyy Oktyabr’,,,ru
135,7078 Warner Way,Proptisht,,,al
136,92 8th Center,Penambangan,,,id
137,73764 Raven Crossing,Quận Phú Nhuận,,,vn
138,7 Karstens Lane,Lutou,,,cn
139,9939 Judy Avenue,Novo,,,pt
140,90195 Anthes Circle,Marcabal,,,ph
141,172 Vera Road,Tegalgede,,,id
142,35 Dixon Drive,Morshansk,,,ru
143,811 La Follette Terrace,Huambalpa,,,ph
144,6 Randy Crossing,Goiana,,,br
145,31175 Dayton Junction,Assiniboia,,,ca
146,697 Oak Crossing,Debesy,,,ru
147,1 Sunbrook Plaza,Pesagen,,,id
148,795 6th Alley,Montfavet,,,fr
149,43 Evergreen Center,Sumaré,,,br
150,53 Dayton Way,Songying,,,cn
151,4 Birchwood Court,Shuicha,,,cn
152,780 Becker Crossing,Tais,,,id
153,87934 Basil Place,Houmt Souk,,,tn
154,2730 Sunnyside Drive,Manonjaya,,,id
155,23789 Summit Road,Tangjia,,,cn
156,453 Killdeer Place,Perfilovo,,,ru
157,9674 Karstens Hill,Kawasaki,,,jp
158,71290 Troy Center,Aleysk,,,ru
159,69954 Anzinger Circle,Al ‘Āliyah,,,tn
160,685 Reinke Park,Cijayana,,,id
161,3 Arizona Drive,Wąbrzeźno,,,pl
162,1266 Monument Center,Tianchi,,,cn
163,52 Dunning Parkway,Mari,,,id
164,9933 Algoma Road,Lidingö,,,sw
165,82115 Holy Cross Trail,Fatumuti,,,id
166,9 Sachtjen Alley,Ébolowa,,,cm
167,6860 Grayhawk Pass,Lipie,,,pl
168,76 Montana Hill,Międzyrzecz,,,pl
169,81 Namekagon Avenue,Sechelt,,,ca
170,40 New Castle Way,Doong,,,ph
171,9 2nd Trail,Perth,,,au
172,4950 Debs Crossing,Pandanrejokrajan,,,id
173,929 Pepper Wood Court,Nanton,,,ca
174,718 Corben Plaza,Ndano,,,id
175,39 Gale Pass,Vapnyarka,,,ua
176,336 Tennessee Parkway,Cool űrhajó,,,af
177,1 Armistice Crossing,Baluk,,,id
178,789 Merchant Drive,Dawei,,,mm
179,1 Evergreen Place,Kebonagung,,,id
180,167 Texas Terrace,Al Burayqah,,,ly
181,9611 Dapin Place,Krasnapollye,,,by
182,51 Pankratz Road,Tīrān,,,ir
183,1871 Dovetail Place,London,,,uk
184,6725 Del Sol Point,Verkhneye Kazanishche,,,ru
185,58833 Buhler Park,Duyang,,,cn
186,7773 Northland Hill,Bandar ‘Abbās,,,ir
187,2040 Farmco Circle,Tadou,,,cn
188,1 Arrowood Way,Cachadinha,,,pt
189,94505 International Parkway,Uruguaiana,,,br
190,2 Lindbergh Point,Canguçu,,,br
191,142 Milwaukee Park,Hats’avan,,,am
192,1 Dahle Center,Xinhua,,,cn
193,8279 Lotheville Alley,Mesa,,,us
194,38667 Thackeray Parkway,Kalipare,,,id
195,34 Holmberg Point,Manay,,,ph
196,14 Clyde Gallagher Center,Máncora,,,ph
197,4152 Derek Circle,Spasskoye-Lutovinovo,,,ru
198,428 Scofield Crossing,Vigia,,,br
199,3 Larry Way,Skopin,,,ru
200,9312 Melrose Trail,Metz,,,fr
201,98 Kennedy Hill,Tsaghkahovit,,,am
202,9879 Debs Hill,Pampas,,,ph
203,1 Sheridan Drive,Ditang,,,cn
204,880 Norway Maple Lane,Puerto Rico,,,co
205,98664 Colorado Park,Fristad,,,sw
206,3506 Fieldstone Circle,Ticrapo,,,ph
207,612 Dapin Avenue,Thị Trấn Việt Quang,,,vn
208,221 Ridge Oak Pass,Volokolamsk,,,ru
209,52 Bunker Hill Plaza,Qixing,,,cn
210,50662 Union Junction,Motuo,,,cn
211,26 John Wall Crossing,Emmen,,,nl
212,6989 Victoria Street,Palotina,,,br
213,5260 Basil Avenue,Kuala Baru,,,id
214,29493 Hoard Street,Mabayo,,,ph
215,4732 Cordelia Crossing,Guanqian,,,cn
216,576 Hauk Place,Sang-e Chārak,,,af
217,154 Cherokee Lane,Feni,,,bd
218,1341 Hooker Alley,Melaka,,,my
219,4198 Northwestern Avenue,Ciawi,,,id
220,738 South Street,Shimabara,,,jp
221,5396 Mallory Avenue,Chicago,,,us
222,9724 Acker Trail,Amieira do Tejo,,,pt
223,16642 Hanson Park,Falënki,,,ru
224,598 Graceland Alley,Blama,,,sl
225,2119 Lakewood Gardens Crossing,Dubréka,,,gn
226,7 Lien Place,Horní Stropnice,,,cz
227,9 Twin Pines Road,Seixo de Manhoses,,,pt
228,12557 Thompson Terrace,Velikiye Luki,,,ru
229,1008 Saint Paul Park,Izumo,,,jp
230,58 Kinsman Point,Heqiao,,,cn
231,2 Carberry Parkway,Novo Hamburgo,,,br
232,818 Utah Circle,Bilhorod-Dnistrovs’kyy,,,ua
233,4192 Sauthoff Court,Maralik,,,am
234,0 Barnett Alley,Oneop,,,fm
235,6 Briar Crest Road,Bradenton,,,us
236,3 West Alley,Télimélé,,,gn
237,27036 Prairieview Hill,Toliara,,,mg
238,98520 Karstens Crossing,Ogwashi-Uku,,,ng
239,73 1st Street,Alubijid,,,ph
240,27 Vahlen Court,Voiron,,,fr
241,991 Graedel Road,Andir,,,id
242,609 Dakota Junction,Nanpiao,,,cn
243,949 Canary Avenue,Soa,,,id
244,8688 Elka Circle,Barbacena,,,br
245,6 Sullivan Drive,São José,,,br
246,1 Oxford Way,Sobienie Jeziory,,,pl
247,67532 Karstens Court,Goya,,,ar
248,86 Dryden Alley,Vale de Figueira,,,pt
249,8 Bartillon Lane,Serednye Vodyane,,,ua
250,89 Florence Point,Melbourne,,,us
251,8717 Bobwhite Plaza,Krasnoye,,,ru
252,7 Pearson Plaza,Murillo,,,co
253,72 Sheridan Hill,Baiyin,,,cn
254,2 Northland Alley,Zagórze,,,pl
255,4 Autumn Leaf Center,Las Cruces,,,us
256,16 Doe Crossing Point,Thị Trấn Phù Yên,,,vn
257,3 Bayside Pass,Jieshou,,,cn
258,79039 8th Circle,Minsk,,,by
259,14998 Harper Street,Aoyang,,,cn
260,97915 Sundown Circle,Chengguan,,,cn
261,298 Prairie Rose Circle,Banturkrajan,,,id
262,151 Red Cloud Lane,Nanxing,,,cn
263,51795 Carberry Parkway,Verkhniy Lomov,,,ru
264,15 Melvin Crossing,Sedandang,,,id
265,72 Magdeline Hill,Kolondiéba,,,ml
266,61 Buell Hill,Krajan Sale,,,id
267,26239 Corry Place,Milaor,,,ph
268,807 Golf View Way,Imulolong,,,id
269,7 Old Gate Way,Nahrīn,,,af
270,40272 Talisman Park,Alivéri,,,gr
271,91 Armistice Terrace,Milín,,,cz
272,35738 Pepper Wood Alley,Secang Barat,,,id
273,460 Anniversary Place,Welibo,,,id
274,22 Derek Hill,Yevlakh,,,az
275,64827 Messerschmidt Circle,Luopu,,,cn
276,52854 Havey Hill,Shixi,,,cn
277,5 Dahle Way,Lunel,,,fr
278,43 Oxford Circle,Ceranów,,,pl
279,89 Maple Wood Place,Ngaruawahia,,,nz
280,59195 Saint Paul Place,Psary,,,pl
281,12 Golden Leaf Avenue,Lianrao,,,cn
282,29 Everett Terrace,Lakeland,,,us
283,5 Dryden Trail,Songhu,,,cn
284,79 Park Meadow Park,Kabarnet,,,ke
285,41745 Morrow Court,Helixi,,,cn
286,58 Donald Court,Pelaya,,,co
287,81831 Fulton Circle,Colima,,,cr
288,8 Green Ridge Way,Sumurwaru,,,id
289,44 Fisk Way,Santa Maria,,,mx
290,617 Fisk Terrace,Bohutín,,,cz
291,985 Coleman Plaza,Basarabeasca,,,md
292,9011 Thackeray Crossing,Al Quţayfah,,,sy
293,83169 Farwell Terrace,Vyshneye Dolgoye,,,ru
294,9071 Comanche Pass,Saihan Tal,,,cn
295,953 Eagle Crest Parkway,Balakasap,,,id
296,7 Memorial Terrace,Bicurga,,,gq
297,16 Spaight Point,Duobagou,,,cn
298,69 Banding Circle,Sumberbatas,,,id
299,6070 Monica Hill,Oguma,,,ng
300,467 Lillian Hill,Saint Paul,,,us
301,6776 Comanche Place,A Yun Pa,,,vn
302,8173 Anhalt Crossing,Kaputian,,,ph
303,22 Haas Center,Xinsheng,,,cn
304,9794 Reinke Plaza,Puro,,,ph
305,9 Melby Center,Barakani,,,km
306,96 Merry Park,Tashang,,,cn
307,6231 Swallow Crossing,Dębe Wielkie,,,pl
308,7890 American Plaza,Waiwejak,,,id
309,896 Ronald Regan Pass,Altan Emel,,,cn
310,748 Morning Point,San Isidro,,,mx
311,3 Talmadge Center,Nishinomiya-hama,,,jp
312,55 Michigan Place,Aranyaprathet,,,th
313,391 Pankratz Court,Zbarazh,,,ua
314,377 Old Shore Court,Huacrapuquio,,,ph
315,95 Hazelcrest Way,Manzherok,,,ru
316,4 Colorado Trail,Kiambu,,,ke
317,3769 Hoffman Alley,Pinheiro,,,pt
318,9586 Westridge Hill,Panggungsari,,,id
319,26 Comanche Pass,Timbulsari,,,id
320,858 Atwood Park,Ambilobe,,,mg
321,2 Drewry Way,Gucheng,,,cn
322,51924 Sutteridge Circle,Berlin,,,de
323,7928 Donald Crossing,Okegawa,,,jp
324,3 Mitchell Drive,Junchuan,,,cn
325,941 Fisk Drive,Tutul,,,id
326,96 Mayer Hill,Altona,,,ca
327,7251 Transport Parkway,Mancos,,,ph
328,7 Sommers Park,Neqāb,,,ir
329,31553 Buell Street,Newark,,,us
330,21 Petterle Park,Žirovnica,,,si
331,36 Eagan Way,San Roque,,,ph
332,25 Green Hill,Youwarou,,,ml
333,2 School Plaza,Szombathely,,,hu
334,5 Spenser Center,Yingtan,,,cn
335,9594 Forster Drive,Miaotang,,,cn
336,30759 Nobel Circle,Zhongcun,,,cn
337,722 Manitowish Plaza,Glendale,,,us
338,4 Huxley Park,Järfälla,,,sw
339,3 Clemons Park,Poniatowa,,,pl
340,342 Spenser Alley,Avesta,,,sw
341,58005 Fallview Terrace,São Mamede,,,pt
342,4 Carioca Street,Weetombo,,,id
343,96 Comanche Park,Pagaden,,,id
344,68 Spohn Terrace,Mandikbatu,,,id
345,38687 Kipling Lane,Montreuil,,,fr
346,0 Kropf Pass,Lianshan,,,cn
347,13 Everett Street,Linqu,,,cn
348,9241 High Crossing Junction,Solntsevo,,,ru
349,2 Hanson Way,Vostochnyy,,,ru
350,1247 Colorado Lane,Ferraria,,,pt
351,68000 Forest Run Hill,Tawan tawan,,,ph
352,2716 Di Loreto Terrace,Oshnavīyeh,,,ir
353,46971 Coleman Road,Buenos Aires,,,ph
354,91 Helena Way,Hongping,,,cn
355,2 Lake View Trail,Bagay,,,ph
356,787 Pearson Road,Mekarsari,,,id
357,2 Hansons Drive,Petrijevci,,,hr
358,68050 Westport Alley,Port Saint Lucie,,,us
359,9923 Merrick Center,Kiuruvesi,,,fi
360,31917 Mitchell Park,Pshada,,,ru
361,5376 Cottonwood Junction,Bulakbanjar,,,id
362,32475 Forest Run Parkway,Egbe,,,ng
363,942 Banding Parkway,Mafra,,,br
364,4781 Washington Pass,Jatiwangi,,,id
365,82744 John Wall Way,Thap Than,,,th
366,4 Lighthouse Bay Park,Xiahong,,,cn
367,44 Welch Road,Antalaha,,,mg
368,2 Waxwing Terrace,Hongdun,,,cn
369,94355 Cardinal Circle,Cigalontang,,,id
370,222 Division Court,Ulme,,,pt
371,3723 Truax Pass,Inuotose,,,jp
372,92 Kenwood Center,Dalkey,,,ie
373,11244 Steensland Avenue,Quinta,,,pt
374,51 Manley Parkway,Nong Khai,,,th
375,8650 Michigan Court,Barnaul,,,ru
376,3640 Golden Leaf Hill,Baohe,,,cn
377,1006 Hollow Ridge Hill,Mayisyan,,,am
378,0 Bonner Center,Xiaolong,,,cn
379,1380 Tennyson Street,Águas de Lindóia,,,br
380,12558 4th Court,Kalāt-e Nāderī,,,ir
381,19726 Dayton Road,Kuala Terengganu,,,my
382,3757 Prairieview Hill,Frydek,,,pl
383,8522 Golf Course Pass,Carpina,,,br
384,51816 Hallows Drive,Gaomi,,,cn
385,1 Haas Plaza,Sudzha,,,ru
386,90296 Raven Crossing,Tumpukrenteng,,,id
387,375 Quincy Avenue,Vikhorevka,,,ru
388,72 Sherman Drive,Paradahan,,,ph
389,0 Debs Lane,Valcheta,,,ar
390,70244 Toban Parkway,Kalembutillu,,,id
391,5301 Carberry Hill,Smiřice,,,cz
392,45 Weeping Birch Avenue,Svitlovods’k,,,ua
393,47082 Blaine Point,Barretos,,,br
394,1689 Waubesa Hill,Vítkov,,,cz
395,8324 Buena Vista Plaza,Heshui,,,cn
396,76 Melvin Junction,Taibao,,,tw
397,3 Lien Crossing,Taguisa,,,ph
398,38 Erie Point,Batelov,,,cz
399,1 Blue Bill Park Park,Boevange-sur-Attert,,,lu
400,43 Dryden Trail,Shali,,,ru
401,4 Blackbird Point,Västerås,,,sw
402,1664 Summit Street,Zhengdonglu,,,cn
403,9123 Katie Street,Besisahar,,,np
404,82717 Vidon Way,Bratislava,,,sk
405,0 Village Park,Frederico Westphalen,,,br
406,4 Meadow Vale Drive,Cucutilla,,,co
407,529 Main Circle,Gubkinskiy,,,ru
408,6 8th Circle,Paterson,,,us
409,924 East Trail,Leribe,,,ls
410,27 Colorado Place,Vahdat,,,tj
411,817 Mallard Hill,West Hartford,,,us
412,3 Kensington Center,Yanggu,,,kr
413,60 Welch Hill,San José Poaquil,,,gt
414,1 Lerdahl Trail,Fanyang,,,cn
415,67484 Spohn Place,Golmud,,,cn
416,68 Glendale Crossing,Kveda Chkhorots’q’u,,,ge
417,4 Hoffman Hill,Heret,,,id
418,53741 Summer Ridge Trail,Dzaoudzi,,,fr
419,14661 Sheridan Road,La Unión,,,ph
420,8353 Marquette Drive,Ḩājī Khēl,,,af
421,7 Garrison Center,Tetandara,,,id
422,840 Hayes Road,Saint-Étienne,,,fr
423,1159 Nevada Avenue,Ngerengere,,,tz
424,4361 Derek Circle,Norberg,,,sw
425,137 Transport Park,Phong Điền,,,vn
426,6 Bowman Hill,Dongtucheng,,,cn
427,25 Hauk Avenue,Bollstabruk,,,sw
428,352 Katie Junction,Goczałkowice Zdrój,,,pl
429,660 Blackbird Trail,Kyzyl,,,ru
430,660 Forest Dale Trail,Kuznetsovs’k,,,ua
431,32 Old Shore Drive,Okrika,,,ng
432,44 Maywood Trail,Tijão,,,pt
433,40 Sachs Court,Vágia,,,gr
434,30 Aberg Trail,Redon,,,fr
435,3876 Paget Junction,Albuquerque,,,us
436,972 Badeau Circle,Biyan,,,id
437,3973 Pine View Way,Santa Maria,,,ph
438,63 Aberg Lane,Essen,,,de
439,74 Vidon Crossing,Orlová,,,cz
440,3964 Hazelcrest Pass,Lansing,,,us
441,21493 Texas Terrace,Taloqan,,,af
442,46440 Lakewood Circle,Mardakyany,,,az
443,61619 Vera Trail,Cileles,,,id
444,2 Dayton Terrace,Majingklak,,,id
445,433 Browning Point,Oakville,,,ca
446,8411 4th Crossing,Semenivka,,,ua
447,84355 Bultman Center,Xiumei,,,cn
448,211 Washington Terrace,Zvenyhorodka,,,ua
449,7155 Laurel Terrace,Laliki,,,pl
450,2515 Cardinal Crossing,Sungaikakap,,,id
451,50 Thierer Way,Fuli,,,cn
452,70606 Meadow Vale Point,Waina,,,cn
453,24562 Merchant Hill,Tall Abyaḑ,,,sy
454,725 Debs Court,Radostowice,,,pl
455,60 Vermont Street,Gjilan,,,rs
456,78521 Oneill Place,Kebonan,,,id
457,690 Rieder Drive,Makuyuni,,,tz
458,611 Hoepker Circle,Dong Liang’erzhuang,,,cn
459,514 Toban Court,Garland,,,us
460,942 Atwood Junction,København,,,dk
461,54010 Bultman Way,Smolensk,,,ru
462,245 Norway Maple Trail,Circa,,,ph
463,61071 Cherokee Court,Bhawāna,,,pk
464,468 Fieldstone Plaza,Cimenga,,,id
465,44492 Rockefeller Plaza,Halimpu,,,id
466,65 Gulseth Pass,Huagai,,,cn
467,2 Division Place,Aroeira,,,pt
468,343 Eagan Parkway,Gostynin,,,pl
469,83 Troy Alley,El Suyatal,,,hn
470,684 Cambridge Terrace,Klatakan,,,id
471,1 Hallows Junction,Mqabba,,,mt
472,4153 Shasta Crossing,Bouna,,,ci
473,1 Merry Court,Ica,,,ph
474,7 Garrison Drive,Keratéa,,,gr
475,98 3rd Circle,Villeneuve-la-Garenne,,,fr
476,1705 Anniversary Plaza,Dongshan,,,cn
477,245 Hovde Place,Gaoshan,,,cn
478,85 Bay Parkway,Vojnić,,,hr
479,744 New Castle Avenue,Villejuif,,,fr
480,239 Garrison Junction,Tampa,,,us
481,23 Holy Cross Crossing,Yandev,,,ng
482,26058 East Park,Tambopata,,,ph
483,74918 John Wall Crossing,Limbi,,,km
484,89 Ludington Place,Pilníkov,,,cz
485,105 Sherman Avenue,Bakulong,,,ph
486,9 Dorton Point,Xiaochengzi,,,cn
487,430 Daystar Place,Oleksandriya,,,ua
488,25757 Darwin Park,Montijo,,,pa
489,92 Bunker Hill Lane,Beigou,,,cn
490,224 Oakridge Road,Soavinandriana,,,mg
491,2 Summerview Place,San Ricardo,,,ph
492,8 Jenifer Crossing,Porto Salvo,,,pt
493,3 Crowley Court,Sungai Raya,,,id
494,15 Lawn Junction,Shaghat,,,am
495,8 Arrowood Lane,Hongxing,,,cn
496,3445 Logan Crossing,Shuikou,,,cn
497,4 Bellgrove Lane,Nikopol’,,,ua
498,35906 7th Alley,Heping,,,cn
499,1117 Maple Hill,Huangyang,,,cn
500,4192 Birchwood Park,Kranggan,,,id
501,81309 Marcy Street,Vetluzhskiy,,,ru
502,11 Summerview Park,Molde,,,no
503,70870 Milwaukee Place,Szczecin,,,pl
504,1 Hollow Ridge Lane,Karavan,,,kg
505,65607 Pawling Avenue,Wang Nam Khiao,,,th
506,88886 Talmadge Parkway,Barcarena,,,br
507,45817 Summer Ridge Hill,Zebrzydowice,,,pl
508,75 Heffernan Circle,Nanxia,,,cn
509,5088 Dakota Trail,Warung Wetan,,,id
510,52607 Spaight Parkway,Seattle,,,us
511,820 Village Green Lane,Pniv,,,ua
512,89 Surrey Circle,Mukhen,,,ru
513,27678 Northport Crossing,Huangzhu,,,cn
514,625 Sage Crossing,Kumla,,,sw
515,6 Macpherson Point,Villeneuve-d'Ascq,,,fr
516,960 Troy Drive,Non Suwan,,,th
517,342 Fairfield Way,Blumbang,,,id
518,69 Carpenter Avenue,Pucangkrajan,,,id
519,0 Anniversary Hill,Krikil,,,id
520,9 Swallow Trail,Pataha,,,id
521,74655 Crownhardt Road,Al Qarmadah,,,tn
522,5691 Manitowish Trail,Dokolo,,,ug
523,1 Killdeer Street,Longmiao,,,cn
524,9 Northridge Lane,Oroin Xibe,,,cn
525,0 Bashford Terrace,Huayuan,,,cn
526,43 Alpine Way,Kingston,,,au
527,14 Packers Point,Myasnikyan,,,am
528,594 Milwaukee Lane,Vesëlyy,,,ru
529,44304 Fair Oaks Pass,Telhado,,,pt
530,358 Steensland Avenue,Baikouquan,,,cn
531,32 Lillian Circle,Masaki-chō,,,jp
532,9 Bunker Hill Pass,Banjar Budakeling,,,id
533,14712 Grover Avenue,Casal Galego,,,pt
534,4174 Sunnyside Hill,Massaranduba,,,br
535,3763 Northwestern Way,Eloúnda,,,gr
536,6 Kim Way,Morelos,,,mx
537,37 Muir Avenue,Thạnh Phú,,,vn
538,13515 Di Loreto Alley,Wuhu,,,cn
539,347 Summit Trail,Ihuari,,,ph
540,39 Erie Circle,Bamenda,,,cm
541,93 Magdeline Road,Doropeti,,,id
542,3673 Twin Pines Plaza,Nzega,,,rw
543,90938 Butternut Junction,Quesada,,,cr
544,4 Mcbride Avenue,Arroyo Naranjo,,,cu
545,789 Badeau Junction,Mikhaylovsk,,,ru
546,4064 Becker Way,Zavolzh’ye,,,ru
547,4935 Barnett Hill,Sosnovka,,,ru
548,15 Mallory Place,Jubaoshan,,,cn
549,1736 Westport Terrace,Ulaan Khat,,,mn
550,2495 Manitowish Junction,Marcq-en-Barœul,,,fr
551,53 Coleman Junction,Jianyangping,,,cn
552,9892 Nancy Junction,Krasnokamensk,,,ru
553,25251 Washington Junction,Tungipāra,,,bd
554,5274 Northland Point,Karara,,,id
555,32534 Nelson Hill,Qingkenpao,,,cn
556,43469 Dottie Pass,Banjar Batanpoh,,,id
557,1 Bobwhite Pass,Ubaté,,,co
558,47391 Stone Corner Point,Schiltigheim,,,fr
559,2319 Londonderry Alley,Lynn,,,us
560,429 Holmberg Avenue,Trostyanets’,,,ua
561,4 Browning Court,Passos,,,br
562,72 Ryan Hill,Wukou,,,cn
563,714 Armistice Avenue,Tasikona,,,id
564,32358 Hanson Drive,Tubod,,,ph
565,62 Stoughton Park,Ailigandí,,,pa
566,11898 Arrowood Pass,Botoh,,,id
567,1991 Superior Center,São Tomé,,,pt
568,485 West Street,Kristianstad,,,sw
569,8734 Summerview Road,Casal das Figueiras,,,pt
570,1 Mariners Cove Trail,Jaunpils,,,lv
571,2 Lunder Place,Várzea Alegre,,,br
572,22850 Amoth Alley,Iłowa,,,pl
573,0 Sunnyside Lane,Zagoryanskiy,,,ru
574,28 Clemons Terrace,Sotíra,,,cy
575,0 Trailsway Place,Solntsevo,,,ru
576,2294 Monument Lane,Kuala Lumpur,,,my
577,6583 Elgar Point,Cipaku,,,id
578,4558 Warner Place,Göteborg,,,sw
579,181 Mandrake Park,Kalāleh,,,ir
580,460 Old Shore Trail,Smínthi,,,gr
581,465 Linden Crossing,Ifanes,,,pt
582,44890 Ridge Oak Pass,Ḩawf,,,ye
583,84 Carey Pass,Guazacapán,,,gt
584,198 Jenna Alley,Mali,,,cn
585,2 Eggendart Parkway,Cijayana,,,id
586,9 John Wall Center,Bobigny,,,fr
587,85 Twin Pines Plaza,Kárystos,,,gr
588,5418 Emmet Parkway,Maych’ew,,,et
589,22 Springview Way,Karangnunggal,,,id
590,4 Reindahl Hill,Novonukutskiy,,,ru
591,6766 Waubesa Park,Guangsheng,,,cn
592,977 4th Point,Koroška Bela,,,si
593,38785 Ryan Crossing,Polovinnoye,,,ru
594,2956 Ludington Trail,Ciervo Petiso,,,ar
595,6 Dexter Court,Cawayan Bugtong,,,ph
596,728 Clemons Avenue,Pejukutan,,,id
597,54 Westend Hill,Arys,,,kz
598,11925 Messerschmidt Way,Villa Nueva,,,gt
599,7306 Goodland Avenue,Liangshan,,,cn
600,88146 Warrior Hill,Tharyarwady,,,mm
601,5 Kipling Road,Palpalá,,,ar
602,5 Forest Run Terrace,Pengchang,,,cn
603,74930 Dixon Hill,Lille,,,fr
604,729 2nd Place,Jibiya,,,ng
605,76058 Schmedeman Street,Borlänge,,,sw
606,5 Bunting Junction,Denton,,,us
607,89028 Autumn Leaf Court,Gembu,,,ng
608,12536 Derek Point,Birigui,,,br
609,13 Heffernan Terrace,Caeté,,,br
610,2 Bluejay Court,Nanshe,,,cn
611,490 Bartillon Hill,Granada,,,co
612,254 Forest Dale Road,Castelo,,,pt
613,652 Rusk Trail,Kidričevo,,,si
614,47 Nancy Circle,Vermoim,,,pt
615,40 Bobwhite Center,Chirpan,,,bg
616,562 Southridge Plaza,Uppsala,,,sw
617,92 Kenwood Street,Smidary,,,cz
618,667 Transport Court,Monte Novo,,,pt
619,36127 Mcguire Court,Bełsznica,,,pl
620,432 Pawling Lane,El Rancho,,,hn
621,47 Elka Way,Juncheng,,,cn
622,6288 Barby Hill,San Antonio,,,co
623,6 Arrowood Park,Uacon,,,ph
624,9365 Maple Wood Way,Jardín,,,co
625,88 Washington Point,Banjar Ambengan,,,id
626,344 Stephen Place,Damnoen Saduak,,,th
627,2 Brown Center,San Ramon,,,ph
628,81 Ohio Place,Lasehao,,,id
629,10976 Browning Plaza,Balogo,,,ph
630,89702 Moose Pass,Şaḩneh,,,ir
631,59069 Trailsway Park,Bertoua,,,cm
632,90187 Ronald Regan Road,Kuytun,,,ru
633,9 Grover Street,Khawrah,,,ye
634,789 Scoville Avenue,Zhongling,,,cn
635,27 Blaine Drive,Valenciennes,,,fr
636,733 Dovetail Place,Suchań,,,pl
637,8 Mendota Way,Tanjungsari Barat,,,id
638,17 Heffernan Lane,Jirjā,,,eg
639,6042 Goodland Center,Khallat ad Dār,,,pe
640,267 Lien Park,Bečej,,,rs
641,341 Scott Point,Cheb,,,cz
642,80499 Chinook Point,Heshui,,,cn
643,4951 Golf Course Center,Afántou,,,gr
644,232 Hanson Alley,Kadupayung,,,id
645,60 Thackeray Circle,Nezvěstice,,,cz
646,5 Washington Hill,Nanfeng,,,cn
647,7890 Lakewood Gardens Lane,Agía Varvára,,,gr
648,6 Trailsway Junction,Rasony,,,by
649,72 Barnett Lane,Stari Lec,,,rs
650,2925 Luster Terrace,Fažana,,,hr
651,370 Atwood Road,Ksour Essaf,,,tn
652,53 Superior Place,Puan Selatan,,,id
653,7 Loftsgordon Road,Nova Pazova,,,rs
654,912 Loeprich Court,Young America,,,us
655,3982 Buhler Street,Kedawung,,,id
656,36 Ramsey Terrace,Santa Lucía Cotzumalguapa,,,gt
657,246 Brickson Park Way,Shengli,,,cn
658,8 Pawling Drive,Bangus Kulon,,,id
659,8442 Prentice Avenue,Yoichi,,,jp
660,5 Butterfield Circle,Chincha Baja,,,ph
661,8141 West Pass,Doudleby nad Orlicí,,,cz
662,6 Paget Trail,Seleuš,,,rs
663,733 Stone Corner Street,Nueve de Julio,,,ar
664,28261 Killdeer Pass,Konggar,,,cn
665,942 Spohn Center,Nancheng,,,cn
666,1511 Bartillon Way,Heyan,,,cn
667,5 Sullivan Crossing,Klayusiwalan,,,id
668,8 Namekagon Parkway,Yaring,,,th
669,8266 Melrose Lane,Kungsör,,,sw
670,985 Meadow Vale Hill,Ichupampa,,,ph
671,4 Mandrake Court,Longsha,,,cn
672,82 Southridge Point,Changcun,,,cn
673,4 Melrose Alley,Shayuan,,,cn
674,122 Basil Circle,Kuragaki-kosugi,,,jp
675,1 Morrow Lane,Grängesberg,,,sw
676,36935 Del Mar Park,High Prairie,,,ca
677,6933 Farwell Trail,Rawa Satu,,,id
678,87 Arizona Junction,La Reforma,,,mx
679,70 Badeau Drive,Bato,,,ph
680,23 Bonner Avenue,Chadian,,,cn
681,34527 Carberry Street,Krikil,,,id
682,641 Maywood Plaza,Lembur Tengah,,,id
683,1574 Rieder Road,Nicosia,,,cy
684,1 Orin Circle,Zhangjiang,,,cn
685,2 Iowa Junction,Huntington,,,us
686,70 Dryden Way,Dallas,,,us
687,3697 Alpine Avenue,Młynary,,,pl
688,5 Crownhardt Center,Nogueira,,,pt
689,57622 Farragut Avenue,Clanwilliam,,,za
690,762 Northfield Center,Huangjiakou,,,cn
691,3 Sycamore Lane,Qızılhacılı,,,az
692,842 Luster Lane,Ntsoudjini,,,km
693,7735 Claremont Point,Comrat,,,md
694,89224 Dennis Road,Rožaje,,,me
695,9 Lindbergh Lane,Ust’-Labinsk,,,ru
696,28860 Bartillon Way,Tianjiazhai,,,cn
697,759 Lillian Avenue,Baiyin,,,cn
698,3867 Parkside Avenue,Trancas,,,ar
699,8 Sunnyside Court,Jagiełła,,,pl
700,433 Mesta Circle,Oslo,,,no
701,3 American Pass,Lantian,,,cn
702,89457 Toban Road,Weitian,,,cn
703,287 Summit Alley,Chengkou,,,cn
704,8396 Dakota Parkway,Cogtong,,,ph
705,858 Lunder Lane,Klinan,,,ph
706,7154 Beilfuss Parkway,Wenping,,,cn
707,56061 Fairfield Court,Horokhiv,,,ua
708,7 Thompson Point,Ylämaa,,,fi
709,75 Village Green Park,Gucheng,,,cn
710,97 Maywood Place,Caetité,,,br
711,91505 Burning Wood Alley,Shanling,,,cn
712,4 Tennessee Park,Carazinho,,,br
713,8 Kinsman Court,Budapest,,,hu
714,0 Cambridge Park,Bucay,,,ph
715,63 Ilene Lane,Zhouzhuang,,,cn
716,57196 Old Gate Place,Englewood,,,us
717,0 Laurel Pass,Drawsko Pomorskie,,,pl
718,93465 Calypso Plaza,Lagoa,,,pt
719,13191 Burning Wood Junction,Pinheiro,,,pt
720,4683 Dapin Court,Woto,,,id
721,3 Laurel Circle,Mimbaan Timur,,,id
722,7 Spohn Avenue,Ngulakan,,,id
723,934 Veith Place,Ipoh,,,my
724,4334 Swallow Circle,Savski Venac,,,rs
725,24 Trailsway Crossing,Rossosh’,,,ru
726,8 Transport Center,Jishan,,,cn
727,195 Stuart Hill,Buracan,,,ph
728,7201 Glendale Road,Itaí,,,br
729,70964 Muir Trail,Nantian,,,cn
730,83567 5th Hill,Sangallaya,,,ph
731,805 Merry Pass,Wilmington,,,us
732,0 Basil Circle,Châteaudun,,,fr
733,87 Springview Hill,Suç,,,al
734,90039 Morning Crossing,Chalandrítsa,,,gr
735,16098 Menomonie Plaza,Västra Frölunda,,,sw
736,1235 Kenwood Alley,Vangaindrano,,,mg
737,21 Pond Trail,Cagnes-sur-Mer,,,fr
738,831 Utah Center,Tamanar,,,ma
739,9 Dexter Trail,Halmstad,,,sw
740,74624 Orin Junction,Tongliao,,,cn
741,53436 Warbler Drive,Yanglin,,,cn
742,82741 Sauthoff Court,Dushanbe,,,tj
743,7474 Veith Street,Nungwi,,,tz
744,4917 Del Sol Drive,Ploso Wetan,,,id
745,17727 Ridgeview Drive,Hekou,,,cn
746,15 Daystar Terrace,Cibeureum,,,id
747,868 Rutledge Road,Rodotópi,,,gr
748,44 Jana Lane,Noginsk,,,ru
749,95700 Everett Parkway,Muli,,,cn
750,38993 4th Terrace,Frederico Westphalen,,,br
751,0 East Street,Íos,,,gr
752,7229 Paget Crossing,Jiguan,,,cn
753,0 Waubesa Parkway,Zhlobin,,,by
754,6931 Pine View Alley,Tulsa,,,us
755,45614 Manufacturers Park,Zeya,,,ru
756,7 Talmadge Way,Xinshancun,,,cn
757,351 Upham Circle,Ravānsar,,,ir
758,4486 1st Center,Xiangyun,,,cn
759,13123 Lunder Pass,Miches,,,do
760,9 Carioca Pass,Izborsk,,,ru
761,44850 Esch Park,Dalgān,,,ir
762,7179 Blue Bill Park Hill,Bebedouro,,,br
763,4433 Hollow Ridge Place,Longshan,,,cn
764,5140 Ohio Place,Luojiang,,,cn
765,296 Fremont Park,Miranda,,,co
766,8414 Hermina Point,Atamanovka,,,ru
767,83763 Gina Street,Văn Giang,,,vn
768,5 Shoshone Center,Dukuh,,,id
769,433 Delaware Junction,Selasari,,,id
770,79925 Fordem Lane,Sung Noen,,,th
771,933 Thackeray Alley,Chasŏng,,,kp
772,25788 Waywood Circle,Las Terrenas,,,do
773,606 Thompson Avenue,Windsor,,,ca
774,558 Briar Crest Parkway,Altıağac,,,az
775,1984 Kinsman Junction,San Isidro,,,ar
776,99923 Dryden Crossing,Bokor,,,id
777,37521 Nancy Lane,Pérama,,,gr
778,4231 Oriole Terrace,Shikhany,,,ru
779,151 Sycamore Parkway,Västerås,,,sw
780,6756 Elka Lane,Danchang,,,cn
781,278 Lakewood Gardens Road,Banana Village,,,ki
782,5295 Merry Circle,Jinshi,,,cn
783,32 Sherman Trail,Kombapari,,,id
784,28631 Sullivan Parkway,Rumilly,,,fr
785,890 Kingsford Alley,Villa Bustos,,,ar
786,87717 Melody Road,Campos,,,br
787,30 Vermont Park,Pakemitan,,,id
788,58 Meadow Vale Way,Bayan Gol,,,cn
789,85 Pearson Parkway,Hafrsfjord,,,no
790,554 Trailsway Plaza,Horgo,,,mn
791,92 Russell Street,Pau,,,fr
792,808 Moulton Alley,Askim,,,sw
793,27 Daystar Place,Västerås,,,sw
794,76842 Butternut Plaza,Xiaowuzhan,,,cn
795,62 Nevada Center,Rogachëvo,,,ru
796,5 Russell Point,Mollepampa,,,ph
797,20287 Cordelia Alley,Whitchurch,,,uk
798,582 Vermont Road,Blimbing,,,id
799,565 Lakewood Circle,Kawaguchi,,,jp
800,4661 Coleman Street,Shuyuan,,,cn
801,29761 Larry Plaza,Bayanbulag,,,mn
802,98 Arapahoe Road,Mairinque,,,br
803,5 Loftsgordon Circle,Sabon Gari-Nangere,,,ng
804,1238 Luster Terrace,Boavista,,,pt
805,599 Fair Oaks Park,San Francisco,,,mx
806,67541 Eggendart Court,Morazán,,,gt
807,4 Nobel Parkway,Itapeva,,,br
808,8888 Lindbergh Trail,Baton Rouge,,,us
809,21663 Holy Cross Street,El Refugio,,,mx
810,74502 Hansons Way,Karangbaru,,,id
811,65 Jackson Hill,Borne Sulinowo,,,pl
812,81 Bashford Alley,Inanwatan,,,id
813,287 Corscot Circle,Fenjie,,,cn
814,6 Northwestern Place,Huangli,,,cn
815,8054 Cottonwood Junction,Lanhas,,,pt
816,20 Summer Ridge Street,Merdeka,,,id
817,3872 Merrick Street,Kronoby,,,fi
818,3011 Vidon Road,Xiangshun,,,cn
819,103 Kenwood Center,Nanyue,,,cn
820,480 Fisk Way,Loznitsa,,,bg
821,378 Bluejay Trail,Nuits-Saint-Georges,,,fr
822,3923 Sauthoff Trail,Makin Village,,,ki
823,3321 Reindahl Circle,Panggunguni,,,id
824,56369 Iowa Point,Tangkolo,,,id
825,5833 Warner Hill,Zhenzhushan,,,cn
826,718 John Wall Parkway,Boje,,,ng
827,6 Ramsey Court,El Jem,,,tn
828,2064 Maryland Lane,Bosen,,,id
829,7994 Manufacturers Drive,Caimitillo,,,pa
830,8623 Jana Junction,Fram,,,py
831,9 Bowman Terrace,Limoges,,,fr
832,248 Roth Way,Songjiang,,,cn
833,614 Duke Street,Stavanger,,,no
834,2 Browning Circle,Itapagé,,,br
835,747 Ridgeview Trail,Chengguan,,,cn
836,0 Montana Crossing,Uticyacu,,,ph
837,5 Lakeland Road,Palu,,,id
838,735 Burning Wood Way,Čoka,,,rs
839,84 Sauthoff Way,Cibogo,,,id
840,7462 Moulton Avenue,Acacías,,,co
841,5946 Petterle Drive,Rameshki,,,ru
842,5855 Montana Parkway,Chengguan,,,cn
843,548 Porter Drive,Fangtian,,,cn
844,329 Carey Way,Indaiatuba,,,br
845,18322 Roxbury Trail,Wakimachi,,,jp
846,88 Becker Center,Meixian,,,cn
847,13 Lake View Way,Eskilstuna,,,sw
848,13 Waubesa Terrace,Filimonovo,,,ru
849,1502 Jay Park,Quintãs,,,pt
850,108 Shelley Crossing,Kokoshkino,,,ru
851,49 Kedzie Trail,Huddinge,,,sw
852,4841 Eastlawn Trail,Tlogotunggal,,,id
853,46328 Spenser Place,Lucan,,,ie
854,75456 Elgar Center,Daszewice,,,pl
855,61 Banding Place,Údlice,,,cz
856,49 Maple Crossing,Serednye Vodyane,,,ua
857,5 Burning Wood Lane,Hengpi,,,cn
858,98524 Farwell Parkway,Ejmiatsin,,,am
859,79 Veith Road,Taoyuan,,,cn
860,470 Summerview Circle,Novoselë,,,al
861,52 Loftsgordon Terrace,Aghavnadzor,,,am
862,209 Onsgard Point,Sukaraja,,,id
863,665 Russell Circle,Hitiaa,,,pf
864,51 Judy Hill,Meiqi,,,cn
865,6 Logan Drive,Troparëvo,,,ru
866,910 Susan Trail,Lubniewice,,,pl
867,5 Roth Hill,Kaminokawa,,,jp
868,775 Union Hill,Tabonok,,,ph
869,60 Northport Junction,Grand Forks,,,us
870,33914 Wayridge Avenue,Chongxing,,,cn
871,3247 Novick Point,San Felipe Old,,,ph
872,92012 Maryland Road,Tramandaí,,,br
873,49 Cherokee Road,Le Mans,,,fr
874,72130 Chive Plaza,Petropavlovskaya,,,ru
875,31110 Redwing Lane,Novokubansk,,,ru
876,686 Harper Point,Pogorzyce,,,pl
877,58418 Ridge Oak Avenue,Yinji,,,cn
878,0 Delladonna Court,Novogurovskiy,,,ru
879,7 Grayhawk Park,Ozorków,,,pl
880,4 Carioca Street,Foros do Trapo,,,pt
881,12 Schlimgen Center,Swellendam,,,za
882,16861 American Ash Alley,Taoyuan,,,cn
883,7 Mayer Street,Mekarsari,,,id
884,243 Columbus Alley,Saurama,,,ph
885,3364 Sutherland Hill,Tartu,,,ee
886,9 Russell Crossing,Trongsa,,,bt
887,61 Sloan Way,Rudka,,,pl
888,6 Crownhardt Road,Bayantal,,,mn
889,52781 Blue Bill Park Trail,Karibib,,,na
890,0 Dunning Pass,Balud,,,ph
891,914 Aberg Trail,Kirovsk,,,ru
892,9800 Starling Center,Savyon,,,il
893,32 Mesta Drive,Sidu,,,cn
894,4617 Florence Lane,Balabagan,,,ph
895,15720 Scott Plaza,Fort Erie,,,ca
896,6 Tennessee Alley,Yongqin,,,cn
897,77 North Crossing,Cruces,,,cu
898,160 Lakeland Crossing,Langchuan,,,cn
899,1 Homewood Pass,Thị Trấn Yên Phú,,,vn
900,9 American Alley,Zbýšov,,,cz
901,2849 Tomscot Avenue,Banquero,,,ph
902,1275 American Ash Way,Bojawa,,,id
903,97 Gulseth Parkway,Quintã,,,pt
904,946 Ramsey Parkway,São Julião do Tojal,,,pt
905,91 Lighthouse Bay Parkway,Yunxi,,,cn
906,642 Coleman Point,Villeneuve-la-Garenne,,,fr
907,84 Forster Avenue,Kaskinen,,,fi
908,2 Eagle Crest Terrace,Coxim,,,br
909,13 Lotheville Way,Janaúba,,,br
910,9855 Monument Avenue,Mŭynoq,,,uz
911,9 Brown Junction,Ptghunk’,,,am
912,423 Scott Court,Dallas,,,us
913,6 Florence Place,Diamantina,,,br
914,7 Packers Terrace,Basoko,,,cd
915,8 Lillian Lane,Tallahassee,,,us
916,80157 Fremont Hill,Bulls,,,nz
917,3 Dorton Place,Prnjavor,,,rs
918,23 Crownhardt Drive,Nuquí,,,co
919,0 Lien Trail,Qinggis Han,,,cn
920,408 Novick Circle,Nieborów,,,pl
921,50322 Buell Terrace,Mabai,,,cn
922,1 Crownhardt Crossing,Chinú,,,co
923,151 Fordem Drive,Orita Eruwa,,,ng
924,349 Farragut Point,Lazaro Cardenas,,,mx
925,50 Namekagon Point,Nakanojōmachi,,,jp
926,9121 3rd Court,Xiaohe,,,cn
927,5 Kennedy Way,Domoni,,,km
928,0 Sauthoff Court,Tādif,,,Syria
929,9431 Surrey Street,Estela,,,pt
930,8839 Debs Center,Jaboatão,,,br
931,6190 Eastwood Court,Donnacona,,,ca
932,94594 Cambridge Street,Changting,,,cn
933,61312 Comanche Way,Masinloc,,,ph
934,57534 Calypso Avenue,El Espino,,,co
935,640 Fieldstone Street,Las Flores,,,mx
936,73918 Bay Park,Sagbayan,,,ph
937,82563 Carioca Lane,Glória do Goitá,,,br
938,848 Jenna Terrace,Salamanca,,,es
939,9199 Granby Avenue,Tyrnyauz,,,ru
940,82 Manitowish Terrace,Palmerston North,,,nz
941,70 Florence Parkway,Toulouse,,,fr
942,5 Merrick Alley,Planaltina,,,br
943,35232 High Crossing Parkway,Hilversum,,,nl
944,55 Cambridge Plaza,Dongtuan,,,cn
945,5 Little Fleur Park,New Glasgow,,,ca
946,214 Park Meadow Parkway,Fanzeres,,,pt
947,22 Namekagon Place,Marmashen,,,am
948,98746 Caliangt Road,Kimovsk,,,ru
949,0 Gateway Junction,Fenggang,,,cn
950,34853 Utah Road,Zijin,,,cn
951,268 Mallard Lane,Palumbungan,,,id
952,3 Scoville Hill,Springfield,,,us
953,4683 Lakewood Road,Cai Doi Vam,,,vn
954,0 Mariners Cove Road,Kostino,,,ru
955,874 Stone Corner Lane,Xinhua,,,cn
956,852 Cherokee Junction,Silao,,,cn
957,2621 Boyd Way,Talok,,,id
958,36 Lunder Drive,Jiujiang,,,cn
959,1857 Schiller Point,He’an,,,cn
960,5 Prentice Plaza,Tanbuqiao,,,cn
961,595 Moulton Circle,Terawas,,,id
962,6 School Road,Timrå,,,sw
963,2699 Lakeland Road,Geneng Tengah,,,id
964,4 Jay Avenue,Nkoteng,,,cm
965,81 Hintze Trail,Debark’,,,et
966,3788 Vidon Hill,Sarmanovo,,,ru
967,5777 Homewood Avenue,Pueblo Nuevo,,,ph
968,4519 Nova Parkway,Huangjing,,,cn
969,4334 Manufacturers Park,Anaráchi,,,gr
970,84 Harbort Drive,Potikosin,,,id
971,4 Talmadge Terrace,Qiman,,,cn
972,616 Kinsman Point,Fukou,,,cn
973,19539 Bonner Avenue,Fort Lauderdale,,,us
974,9149 Vera Parkway,Hoi,,,id
975,5143 Sommers Street,Ấp Tân Ngãi,,,vn
976,0 Morrow Park,Shchukino,,,ru
977,56111 Garrison Plaza,Bibirevo,,,ru
978,5287 Fairfield Plaza,Sungi Liput,,,id
979,723 Bashford Pass,Narok,,,ke
980,4400 Cordelia Park,Bogorame,,,id
981,1 Randy Terrace,Kuala Lumpur,,,my
982,21 Clyde Gallagher Parkway,Dapitan,,,ph
983,36242 Caliangt Trail,Tongole,,,sl
984,9 Vahlen Way,Qilin,,,cn
985,1403 Carberry Trail,Shimen,,,cn
986,96 Boyd Court,Vista Alegre,,,pt
987,4435 Carey Circle,Almenara,,,br
988,49 Dapin Pass,Cabaritan East,,,ph
989,5 Vahlen Way,Oussivo,,,km
990,66740 Novick Crossing,Zhangbei,,,cn
991,510 Heath Street,Parikkala,,,fi
992,71 Sheridan Park,Ongkharak,,,th
993,5329 Carpenter Street,Paris 08,,,fr
994,61170 Arkansas Hill,Vellinge,,,sw
995,70837 Lindbergh Drive,Santa Rosa,,,ph
996,5 Leroy Alley,Mmaaf,,,id
997,24 Morningstar Junction,Jobabo,,,cu
998,429 Autumn Leaf Parkway,Changxingbao,,,cn
999,2 Moose Crossing,Pasararba,,,id
1000,503 Canary Crossing,Jiangfeng,,,cn
1001,Obere Str. 57,Berlin,,12209,de
1002,Avda. de la Constitución 2222,México D.F.,,5021,mx
1003,Mataderos  2312,México D.F.,,5023,mx
1004,120 Hanover Sq.,London,,WA1 1DP,gb
1005,Berguvsvägen  8,Luleå,,S-958 22,sw
1006,Forsterstr. 57,Mannheim,,68306,de
1007,"24, place Kléber",Strasbourg,,67000,fr
1008,"C/ Araquil, 67",Madrid,,28023,es
1009,"12, rue des Bouchers",Marseille,,13008,fr
1010,23 Tsawassen Blvd.,Tsawassen,BC,T2F 8M4,ca
1011,Fauntleroy Circus,London,,EC2 5NT,gb
1012,Cerrito 333,Buenos Aires,,1010,ar
1013,Sierras de Granada 9993,México D.F.,,5022,mx
1014,Hauptstr. 29,Bern,,3012,ch
1015,"Av. dos Lusíadas, 23",Sao Paulo,SP,05432-043,br
1016,Berkeley Gardens 12  Brewery,London,,WX1 6LT,gb
1017,Walserweg 21,Aachen,,52066,de
1018,"67, rue des Cinquante Otages",Nantes,,44000,fr
1019,35 King George,London,,WX3 6FW,gb
1020,Kirchgasse 6,Graz,,8010,at
1021,"Rua Orós, 92",Sao Paulo,SP,05442-030,br
1022,"C/ Moralzarzal, 86",Madrid,,28034,es
1023,"184, chaussée de Tournai",Lille,,59000,fr
1024,Åkergatan 24,Bräcke,,S-844 67,sw
1025,Berliner Platz 43,München,,80805,de
1026,"54, rue Royale",Nantes,,44000,fr
1027,Via Monte Bianco 34,Torino,,10100,it
1028,Jardim das rosas n. 32,Lisboa,,1675,pt
1029,"Rambla de Cataluña, 23",Barcelona,,8022,es
1030,"C/ Romero ,33",Sevilla,,41101,es
1031,"Av. Brasil, 442",Campinas,SP,04876-786,br
1032,2732 Baker Blvd.,Eugene,OR,97403,us
1033,5ª Ave. Los Palos Grandes,Caracas,DF,1081,ve
1034,"Rua do Paço, 67",Rio de Janeiro,RJ,05454-876,br
1035,Carrera 22 con Ave. Carlos Soublette #8-35,San Cristóbal,Táchira,5022,ve
1036,City Center Plaza 516 Main St.,Elgin,OR,97827,us
1037,8 Johnstown Road,Cork,Co. Cork,,ie
1038,Garden House Crowther Way,Cowes,Isle of Wight,PO31 7PJ,gb
1039,Maubelstr. 90,Brandenburg,,14776,de
1040,"67, avenue de l'Europe",Versailles,,78000,fr
1041,1 rue Alsace-Lorraine,Toulouse,,31000,fr
1042,1900 Oak St.,Vancouver,BC,V3F 2K1,ca
1043,12 Orchestra Terrace,Walla Walla,WA,99362,us
1044,Magazinweg 7,Frankfurt a.M.,,60528,de
1045,87 Polk St. Suite 5,San Francisco,CA,94117,us
1046,Carrera 52 con Ave. Bolívar #65-98 Llano Largo,Barquisimeto,Lara,3508,ve
1047,Ave. 5 de Mayo Porlamar,I. de Margarita,Nueva Esparta,4980,ve
1048,89 Chiaroscuro Rd.,Portland,OR,97219,us
1049,Via Ludovico il Moro 22,Bergamo,,24100,it
1050,Rue Joseph-Bens 532,Bruxelles,,B-1180,be
1051,43 rue St. Laurent,Montréal,Québec,H1J 1C3,ca
1052,Heerstr. 22,Leipzig,,4179,de
1053,South House 300 Queensbridge,London,,SW7 1RZ,gb
1054,Ing. Gustavo Moncada 8585 Piso 20-A,Buenos Aires,,1010,ar
1055,2743 Bering St.,Anchorage,AK,99508,us
1056,Mehrheimerstr. 369,Köln,,50739,de
1057,"265, boulevard Charonne ",Paris,,75012,fr
1058,Calle Dr. Jorge Cash 321,México D.F.,,5033,mx
1059,Geislweg 14,Salzburg,,5020,at
1060,Estrada da saúde n. 58,Lisboa,,1756,pt
1061,"Rua da Panificadora, 12",Rio de Janeiro,RJ,02389-673,br
1062,"Alameda dos Canàrios, 891",Sao Paulo,SP,05487-020,br
1063,Taucherstraße 10,Cunewalde,,1307,de
1064,Av. del Libertador 900,Buenos Aires,,1010,ar
1065,2817 Milton Dr.,Albuquerque,NM,87110,us
1066,Strada Provinciale 124,Reggio Emilia,,42100,it
1067,"Av. Copacabana, 267",Rio de Janeiro,RJ,02389-890,br
1068,Grenzacherweg 237,Genève,,1203,ch
1069,"Gran Vía, 1",Madrid,,28001,es
1070,Erling Skakkes gate 78,Stavern,,4110,no
1071,187 Suffolk Ln.,Boise,ID,83720,us
1072,90 Wadhurst Rd.,London,,OX15 4NB,gb
1073,Vinbæltet 34,Kobenhavn,,1734,dk
1074,"25, rue Lauriston",Paris,,75016,fr
1075,P.O. Box 555,Lander,WY,82520,us
1076,"Boulevard Tirou, 255",Charleroi,,B-6000,be
1077,89 Jefferson Way Suite 2,Portland,OR,97201,us
1078,55 Grizzly Peak Rd.,Butte,MT,59801,us
1079,Luisenstr. 48,Münster,,44087,de
1080,Avda. Azteca 123,México D.F.,,5033,mx
1081,"Av. Inês de Castro, 414",Sao Paulo,SP,05634-030,br
1082,722 DaVinci Blvd.,Kirkland,WA,98034,us
1083,Smagsloget 45,Århus,,8200,dk
1084,"2, rue du Commerce",Lyon,,69004,fr
1085,59 rue de l'Abbaye,Reims,,51100,fr
1086,Adenauerallee 900,Stuttgart,,70563,de
1087,Torikatu 38,Oulu,,90110,fi
1088,"Rua do Mercado, 12",Resende,SP,08737-363,br
1089,305 - 14th Ave. S. Suite 3B,Seattle,WA,98128,us
1090,Keskuskatu 45,Helsinki,,21240,fi
1091,ul. Filtrowa 68,Warszawa,,01-012,pl
1101,12 quai des Bons Enfants,Épinal,,88000,fr
1102,44 rue Traversière,Boulogne Billancourt,,92100,fr
1103,1 avenue du Rhin,Strasbourg,,67000,fr
1104,56-58 avenue André Malraux,Metz,,57000,fr
1105,87 rue des 3 Fontanot,Nanterre,,92000,fr
1106,48-52 rue Saint Jean,Nancy,,54000,fr
1107,2 rue Gambetta,Saint Dié des Vosges,,88100,fr
1108,53 rue des Jardiniers,Nancy,,54900,fr
1109,3 rue François de Curel,Metz,,57021,fr
1110,4 rue Fredéric-Guillaume Raiffeisen,Strasbourg,,67000,fr
